,date,retweet_count,cmpd,price,num_tweets
0,2016-11-09,220796.0,0.4926,1.030636294762158,1.0
1,2016-11-10,45576.0,0.795,1.042733106602128,1.0
2,2016-11-11,48741.8,0.43970000000000004,1.044938522155746,5.0
3,2016-11-14,26214.777777777777,0.3886666666666667,1.046104413594301,7.222222222222222
4,2016-11-15,44374.0,0.6241,1.04911881176284,2.0
5,2016-11-16,25855.4,-0.08066000000000002,1.0460739818723404,5.0
6,2016-11-17,21195.0,0.8271,1.0480521103293126,1.0
7,2016-11-18,35014.666666666664,0.6552,1.0460622893050942,3.0
8,2016-11-21,23769.1,0.23882000000000003,1.0509832467743314,4.2
9,2016-11-22,15063.0,0.1597,1.0547077702004817,10.0
10,2016-11-23,27657.0,-0.5429999999999999,1.0579960261460217,1.0
11,2016-11-25,42698.0,0.7688666666666667,1.061819307135167,3.0
12,2016-11-28,25307.375,0.11115625000000001,1.0588121606868541,9.625
13,2016-11-29,19173.727272727272,-0.10031818181818183,1.0601260748152657,11.0
14,2016-11-30,14256.636363636364,0.3816818181818182,1.060235876282459,11.0
15,2016-12-01,10026.75,0.555575,1.0640252660133893,4.0
16,2016-12-02,17283.0,0.7568,1.0628327350368458,1.0
17,2016-12-05,17563.75,0.08976,1.0653730714000162,8.3
18,2016-12-06,21109.6,-0.16746,1.067343404812157,5.0
19,2016-12-07,9467.5,0.5488000000000001,1.0838560263868586,4.0
20,2016-12-08,11400.0,0.3605,1.0874703214479116,5.0
21,2016-12-09,7933.0,0.5250666666666667,1.095345151833613,3.0
22,2016-12-12,13672.75,0.23535,1.0975395234830325,7.3
23,2016-12-13,13896.0,0.35585,1.103903140835348,8.0
24,2016-12-14,9145.666666666666,0.5983666666666666,1.097323280290585,3.0
25,2016-12-15,15929.2,-0.11338,1.1006337293829658,5.0
26,2016-12-16,16895.5,0.34792500000000004,1.1001441828263785,4.0
27,2016-12-19,21822.5,0.23733999999999994,1.1023424464540847,3.8
28,2016-12-20,13067.5,0.4463333333333334,1.107418572994962,6.0
29,2016-12-21,16152.666666666666,0.6264,1.1056079603840518,3.0
30,2016-12-22,15831.4,0.5350199999999999,1.1043283755000166,5.0
31,2016-12-23,22027.5,-0.28655,1.1051560917255232,6.0
32,2016-12-27,22751.81818181818,0.2753909090909091,1.1057786197510382,2.8181818181818183
33,2016-12-28,25931.2,0.37694,1.0996047113916252,5.0
34,2016-12-29,11330.0,0.0,1.0988340553378104,1.0
35,2016-12-30,21664.666666666668,0.5400333333333334,1.0956639392288992,3.0
36,2017-01-03,19039.69230769231,0.22334615384615383,1.1022703339732063,7.461538461538462
37,2017-01-04,14993.0,-0.21774000000000004,1.105619009832379,10.0
38,2017-01-05,17627.166666666668,-0.14831666666666668,1.1032421809102837,6.0
39,2017-01-06,15439.583333333334,0.3762916666666667,1.1068187925291488,12.0
40,2017-01-09,17626.136363636364,0.12552727272727268,1.1025819749867098,7.454545454545454
41,2017-01-10,14170.0,0.6132500000000001,1.1008160813171979,4.0
42,2017-01-11,22424.428571428572,-0.24362857142857144,1.1062909083231982,7.0
43,2017-01-12,21768.333333333332,0.27035000000000003,1.1027826225453674,6.0
44,2017-01-13,17012.5,0.0237,1.10249047468807,8.0
45,2017-01-17,17057.25925925926,0.037596296296296315,1.099221601016164,9.296296296296296
46,2017-01-18,12938.5,0.07266249999999999,1.0979991871863921,8.0
47,2017-01-19,18528.75,0.4424875,1.0939896567405991,8.0
48,2017-01-20,33420.416666666664,0.18382500000000002,1.099248240554152,12.0
49,2017-01-23,39350.5,0.3944625,1.0977291271374916,3.25
50,2017-01-24,21676.75,0.354225,1.103986302764553,4.0
51,2017-01-25,30001.75,0.0588875,1.112623994159238,8.0
52,2017-01-26,17652.090909090908,0.05947272727272728,1.1144203140065818,11.0
53,2017-01-27,24016.285714285714,0.28715714285714294,1.1140249677392697,7.0
54,2017-01-30,27749.36842105263,-0.22989473684210524,1.1072251827006598,6.473684210526316
55,2017-01-31,32584.0,-0.03643333333333332,1.1012906864471714,3.0
56,2017-02-01,29467.25,0.312425,1.1027792683475561,4.0
57,2017-02-02,30138.875,0.04102500000000002,1.1024449962010523,8.0
58,2017-02-03,38325.142857142855,-0.03684285714285716,1.1127876069387561,7.0
59,2017-02-06,27872.52380952381,-0.14185714285714288,1.111731949409427,7.285714285714286
60,2017-02-07,23566.4,-0.5514200000000001,1.1138314665623956,5.0
61,2017-02-08,21960.727272727272,0.1376818181818181,1.111838391134681,11.0
62,2017-02-09,23435.625,0.15452500000000002,1.1183838226407532,8.0
63,2017-02-10,27213.0,-0.16316666666666665,1.1237598920837581,3.0
64,2017-02-13,17083.4,0.16249000000000002,1.1316764143166342,7.7
65,2017-02-14,15247.0,0.2207,1.136790872962746,6.0
66,2017-02-15,23585.727272727272,-0.0462909090909091,1.1427479948051074,11.0
67,2017-02-16,21957.166666666668,-0.18966666666666665,1.143186540922577,6.0
68,2017-02-17,19164.625,0.03993749999999999,1.1434239017009142,8.0
69,2017-02-21,21653.916666666668,0.1441916666666667,1.1500185983338473,3.5
70,2017-02-22,14176.0,0.63715,1.15182596208539,2.0
71,2017-02-23,10563.0,0.0,1.1537509223489566,1.0
72,2017-02-24,18348.6,-0.30442,1.1543851429417176,5.0
73,2017-02-27,24402.46153846154,0.1389692307692308,1.1552544456759557,5.3076923076923075
74,2017-02-28,11039.0,0.5411,1.1538573640742107,1.0
75,2017-03-01,8774.0,0.14800000000000002,1.170673293837109,2.0
76,2017-03-02,37270.0,0.7734,1.164431708299709,1.0
77,2017-03-03,21393.0,-0.0731923076923077,1.1645836285119808,13.0
78,2017-03-06,30766.571428571428,0.08097142857142858,1.1617355486577234,5.285714285714286
79,2017-03-07,19660.875,0.2212875,1.160095595413799,8.0
80,2017-03-08,17647.0,0.6233833333333334,1.1562685222406819,6.0
81,2017-03-09,15890.333333333334,0.6259666666666667,1.1564048523632924,3.0
82,2017-03-10,9034.5,-0.31245,1.1588881230106418,2.0
83,2017-03-13,12018.714285714286,0.19985714285714287,1.1576961353587027,3.857142857142857
84,2017-03-14,12406.0,0.8955,1.1552505426094115,1.0
85,2017-03-15,18984.14285714286,0.08882857142857145,1.1615004665162463,7.0
86,2017-03-16,12346.142857142857,0.6232000000000001,1.1606384210463638,7.0
87,2017-03-17,10249.666666666666,0.4109444444444445,1.1595333819634723,9.0
88,2017-03-20,16732.4,0.07819999999999999,1.1590477329293007,5.4
89,2017-03-21,12648.0,0.61195,1.1458610451981979,4.0
90,2017-03-22,13100.0,-0.1759,1.145489089609507,1.0
91,2017-03-23,17516.85714285714,-0.11497142857142857,1.145227367930041,7.0
92,2017-03-24,14768.75,0.43202500000000005,1.1419086858066694,4.0
93,2017-03-27,17518.666666666668,0.6812833333333334,1.1393727902905189,3.0
94,2017-03-28,15948.2,0.35730000000000006,1.1477177849591735,10.0
95,2017-03-29,13744.25,-0.11777500000000003,1.145379288142313,4.0
96,2017-03-30,9359.555555555555,0.06677777777777777,1.1492141563602607,9.0
97,2017-03-31,12199.375,0.422875,1.145595531334761,8.0
98,2017-04-03,16932.684210526317,0.08004210526315791,1.144874251290379,7.2105263157894735
99,2017-04-04,9618.0,0.4032,1.147038085879395,4.0
100,2017-04-05,13159.0,0.8908,1.1447600145202945,1.0
101,2017-04-06,10767.0,0.7579,1.1455804790255744,1.0
102,2017-04-07,15195.0,0.7645,1.1452007283920524,1.0
103,2017-04-10,14845.0,0.52434,1.145307170117306,3.8
104,2017-04-11,19940.6,0.45371999999999996,1.1449346767481396,5.0
105,2017-04-12,13276.333333333334,0.6064166666666667,1.1416391690823728,6.0
106,2017-04-13,24124.0,0.8251000000000001,1.1339544856757346,4.0
107,2017-04-17,15999.4,0.18256,1.1441373811563362,6.2
108,2017-04-18,12791.0,-0.11095714285714287,1.1378370001349882,7.0
109,2017-04-19,13622.0,0.21602500000000002,1.1312511796519658,4.0
110,2017-04-20,11901.0,0.24532500000000002,1.1409101993316042,4.0
111,2017-04-21,15195.6,-0.30351999999999996,1.1391942305402583,5.0
112,2017-04-24,11267.782608695652,0.05240434782608699,1.151176800066015,8.043478260869565
113,2017-04-25,12760.2,0.28264,1.1640518467836147,5.0
114,2017-04-26,12228.111111111111,-0.10343333333333334,1.1628859553450601,9.0
115,2017-04-27,12539.916666666666,0.09849166666666664,1.163231925602939,12.0
116,2017-04-28,13315.0,0.07387500000000002,1.1609687956704524,4.0
117,2017-05-01,12309.0,0.43696666666666667,1.1594691698658688,4.5
118,2017-05-02,11766.75,0.04547499999999996,1.1614888792874436,4.0
119,2017-05-03,13675.25,0.539825,1.1619329529011415,4.0
120,2017-05-04,11169.4,0.02466999999999998,1.1615764820636687,10.0
121,2017-05-05,12032.125,0.27642500000000003,1.1646517436761281,8.0
122,2017-05-08,13103.941176470587,-0.13162941176470588,1.164947789055841,8.058823529411764
123,2017-05-09,9940.5,0.45205,1.162924182111851,2.0
124,2017-05-10,16957.272727272728,-0.04919090909090909,1.1611129208378936,11.0
125,2017-05-11,23479.166666666668,0.04133333333333335,1.1597995444899578,6.0
126,2017-05-12,18923.222222222223,0.24257777777777775,1.1585349010325363,9.0
127,2017-05-15,14160.5,0.70735,1.1632657115227105,1.5
128,2017-05-16,18031.666666666668,0.13295,1.163144322826714,6.0
129,2017-05-17,13549.0,0.922,1.1424746858968389,1.0
130,2017-05-18,22957.5,-0.028499999999999998,1.1455843765479898,4.0
131,2017-05-19,16575.0,0.4061,1.1534470763802847,2.0
132,2017-05-22,28711.571428571428,0.3518428571428572,1.158436254352113,2.4285714285714284
133,2017-05-23,21764.0,0.77535,1.1608246705030112,4.0
134,2017-05-24,18079.0,0.73065,1.164955584100672,2.0
135,2017-05-25,11995.25,0.4585,1.1688658192029941,4.0
136,2017-05-26,14364.5,0.301825,1.1687177965131377,4.0
137,2017-05-30,14104.766666666666,0.07137333333333333,1.1659009023823328,8.466666666666667
138,2017-05-31,37948.444444444445,0.2791111111111111,1.1647465981725798,9.0
139,2017-06-01,20628.0,0.10178000000000002,1.1722605168737883,5.0
140,2017-06-02,13235.8,0.24291000000000001,1.1757039418909676,10.0
141,2017-06-05,33153.857142857145,-0.004485714285714275,1.174470373274426,5.857142857142857
142,2017-06-06,31444.0,-0.2493,1.1718198030020304,10.0
143,2017-06-07,16627.8,0.37900000000000006,1.1738965781394255,5.0
144,2017-06-09,18969.285714285714,0.5517428571428571,1.179345414270485,7.0
145,2017-06-12,17369.571428571428,0.053392857142857165,1.177332851230693,6.0
146,2017-06-13,18016.5,-0.14720999999999998,1.182477846937209,10.0
147,2017-06-14,20469.25,0.5503999999999999,1.1850331247269932,4.0
148,2017-06-15,33749.42857142857,0.21844285714285716,1.1842203499281003,7.0
149,2017-06-16,24483.0,-0.019233333333333325,1.1855719474986985,6.0
150,2017-06-19,12810.565217391304,0.2746608695652175,1.1935949059127002,9.869565217391305
151,2017-06-20,17693.166666666668,-0.020800000000000023,1.1901658845416587,6.0
152,2017-06-21,17716.88888888889,0.7388444444444444,1.1869995606167192,9.0
153,2017-06-22,19093.69230769231,0.14565384615384616,1.1862932275430802,13.0
154,2017-06-23,12769.6,0.4817600000000001,1.1861529998980544,5.0
155,2017-06-26,21505.764705882353,-0.06698823529411764,1.1869730319613025,7.117647058823529
156,2017-06-27,17363.615384615383,-0.0681846153846154,1.1814904099104715,13.0
157,2017-06-28,14165.444444444445,-0.05889999999999999,1.1894711386968224,9.0
158,2017-06-29,17258.53846153846,-0.11524615384615386,1.180180282421903,13.0
159,2017-06-30,20883.85714285714,-0.02235714285714287,1.1836509956401196,7.0
160,2017-07-03,24387.75,0.31905,1.1908383263570819,9.583333333333334
161,2017-07-05,28778.18181818182,0.16664545454545454,1.190777363118846,5.545454545454546
162,2017-07-06,28109.75,0.3449,1.1820103881890192,4.0
163,2017-07-07,22948.714285714286,0.3996142857142857,1.1872385402806114,7.0
164,2017-07-10,20200.68,0.10060800000000002,1.1869158553629093,9.48
165,2017-07-11,19200.0,-0.1491,1.186946392423314,7.0
166,2017-07-12,19621.0,0.3415928571428572,1.1937695681405454,14.0
167,2017-07-13,13116.75,0.5971500000000001,1.1949310187320803,4.0
168,2017-07-14,12124.181818181818,0.32177272727272727,1.1996241457800674,11.0
169,2017-07-17,15935.315789473685,0.44072631578947363,1.1991795343858944,7.2105263157894735
170,2017-07-18,19714.4,0.07132,1.1961308069729792,5.0
171,2017-07-19,20106.6,-0.35934000000000005,1.1997910129630818,5.0
172,2017-07-20,21244.333333333332,0.29936666666666667,1.198184840094801,3.0
173,2017-07-21,11357.666666666666,0.5138166666666667,1.196426852352692,6.0
174,2017-07-24,19855.714285714286,-0.0015999999999999942,1.1927178081336318,10.785714285714286
175,2017-07-25,15623.736842105263,0.0398105263157895,1.198276340393441,19.0
176,2017-07-26,22060.5,0.444925,1.2036863066387902,12.0
177,2017-07-27,14114.0,0.4302428571428572,1.2084288096962108,7.0
178,2017-07-28,16512.555555555555,0.6061000000000001,1.2103004908838002,9.0
179,2017-07-31,21686.78947368421,0.12407368421052632,1.2136717978759737,11.210526315789474
180,2017-08-01,24693.666666666668,-0.10486666666666668,1.2177079678597549,3.0
181,2017-08-02,15290.25,0.48710000000000003,1.2206086725828136,4.0
182,2017-08-03,16069.9,0.38684,1.2211552903993501,10.0
183,2017-08-04,17012.5,0.40768125,1.2248538284946875,16.0
184,2017-08-07,18450.884615384617,0.27498846153846157,1.2262736465678765,12.461538461538462
185,2017-08-08,15673.5,-0.18712499999999999,1.2244396432783462,8.0
186,2017-08-09,14452.7,-0.18506,1.2224082412895252,10.0
187,2017-08-10,18426.555555555555,0.1596111111111111,1.2110599976949727,9.0
188,2017-08-11,17640.375,0.337825,1.2118533902202324,8.0
189,2017-08-14,18128.454545454544,-0.007709090909090902,1.2193596192150542,8.090909090909092
190,2017-08-15,11985.9,0.09042,1.2196523103969554,10.0
191,2017-08-16,14974.2,0.28806000000000004,1.2210870698967586,15.0
192,2017-08-17,27149.666666666668,0.03361666666666667,1.2058884733330406,12.0
193,2017-08-18,18836.0,0.30723749999999994,1.2016626996948003,8.0
194,2017-08-21,21249.214285714286,0.2602642857142857,1.2032838139896946,7.857142857142857
195,2017-08-22,12549.875,0.375675,1.2141581011173217,8.0
196,2017-08-23,17716.0,0.29280999999999996,1.209290311841489,10.0
197,2017-08-24,11267.642857142857,0.041807142857142876,1.2076997346069986,14.0
198,2017-08-25,13446.0,0.3667000000000001,1.2093779146177135,14.0
199,2017-08-28,15939.814814814816,0.29424444444444436,1.2090857667604167,10.407407407407407
200,2017-08-29,11919.8,0.28014,1.2122441847579528,5.0
201,2017-08-30,21841.4,-0.13814,1.2137444592255842,5.0
202,2017-08-31,16186.6,0.7043600000000001,1.2168308700806862,5.0
203,2017-09-01,19551.14285714286,0.3540857142857143,1.2190186331287987,7.0
204,2017-09-05,23516.904761904763,0.39656666666666673,1.206031511851273,8.428571428571429
205,2017-09-06,14215.625,0.17041250000000002,1.2090436424712097,8.0
206,2017-09-07,12107.727272727272,0.4723272727272727,1.2077761825964524,11.0
207,2017-09-08,18008.375,0.40650000000000003,1.2084974626408338,8.0
208,2017-09-11,12451.07142857143,0.41462142857142853,1.222888911696202,9.0
209,2017-09-12,15493.2,0.49834000000000006,1.2262980130131342,5.0
210,2017-09-13,17622.333333333332,0.16213333333333332,1.2284779810164157,3.0
211,2017-09-14,16365.461538461539,0.08786153846153845,1.2309895156314374,13.0
212,2017-09-15,20506.30769230769,-0.17279230769230766,1.2345853986413646,13.0
213,2017-09-18,15608.64705882353,0.38385882352941175,1.2380787429925815,6.764705882352941
214,2017-09-19,19493.25,0.5093625,1.2402659682602184,8.0
215,2017-09-20,11417.84,0.475452,1.2425828041665852,25.0
216,2017-09-21,10300.555555555555,0.5398444444444445,1.239624495947231,9.0
217,2017-09-22,16200.0,0.1670111111111111,1.2390900031399728,9.0
218,2017-09-25,28821.4375,0.31060312500000004,1.2361238943316581,11.0625
219,2017-09-26,11317.809523809523,0.12831428571428574,1.2354713781144722,21.0
220,2017-09-27,15697.166666666666,0.6077,1.238597745504493,12.0
221,2017-09-28,14085.375,0.37760000000000005,1.2408424689299824,8.0
222,2017-09-29,11624.25,0.21295,1.24216699452056,12.0
223,2017-10-02,16090.380952380952,0.3458476190476192,1.2506223339810132,26.0
224,2017-10-03,19149.5,0.704375,1.2552832995389125,4.0
225,2017-10-04,16364.846153846154,0.1765076923076923,1.2563905008319627,13.0
226,2017-10-05,17055.222222222223,-0.16085555555555553,1.2626969471300138,9.0
227,2017-10-06,15519.0,-0.29996666666666666,1.2626015493089586,3.0
228,2017-10-09,15081.423076923076,0.2569192307692308,1.2619030112801506,10.538461538461538
229,2017-10-10,18942.7,0.02062000000000001,1.2657622459433553,10.0
230,2017-10-11,15086.2,0.06802666666666672,1.2681024725283438,15.0
231,2017-10-12,12354.25,0.1636916666666667,1.2663349599732763,12.0
232,2017-10-13,16484.333333333332,0.01915833333333332,1.2680376117676924,12.0
233,2017-10-16,13690.84,0.309652,1.2727634380862434,11.24
234,2017-10-17,12906.125,0.21532500000000002,1.2750076237312566,8.0
235,2017-10-18,16456.117647058825,0.2968941176470588,1.2838871056630412,17.0
236,2017-10-19,20413.85714285714,-0.0999142857142857,1.284188678538982,7.0
237,2017-10-20,15343.09090909091,0.3519272727272727,1.2933693009046754,11.0
238,2017-10-23,21170.619047619046,-0.05724285714285713,1.2903383257915808,8.80952380952381
239,2017-10-24,15240.375,0.16662500000000002,1.299641312619907,8.0
240,2017-10-25,13888.384615384615,0.436,1.2934153171721687,13.0
241,2017-10-26,12833.7,0.22443999999999997,1.297373741840401,10.0
242,2017-10-27,11598.666666666666,0.4001866666666667,1.2992216054514665,15.0
243,2017-10-30,21075.1,-0.07002,1.2944841863599843,7.6
244,2017-10-31,15444.666666666666,-0.1313,1.2960642630148806,15.0
245,2017-11-01,17230.571428571428,-0.07727142857142859,1.2992670839384846,14.0
246,2017-11-02,15240.642857142857,0.30268571428571434,1.3037716884370918,14.0
247,2017-11-03,20609.36842105263,-0.0007000000000000048,1.3050429404958206,19.0
248,2017-11-06,26686.823529411766,0.49803529411764713,1.3055546857433775,5.705882352941177
249,2017-11-07,13728.3,0.0965,1.3060431567390136,10.0
250,2017-11-08,15301.5,0.4111000000000001,1.3063829508376166,12.0
251,2017-11-09,21077.0,0.40890000000000004,1.30076010114176,4.0
252,2017-11-10,11302.111111111111,0.7289444444444445,1.2985574964613489,9.0
253,2017-11-13,33360.53333333333,0.42890666666666666,1.2995270703056934,5.4
254,2017-11-14,14676.5,0.593675,1.2978511633877101,8.0
255,2017-11-15,17399.428571428572,0.2754857142857143,1.290189654438677,14.0
256,2017-11-16,17291.428571428572,0.2167714285714286,1.300561615793262,7.0
257,2017-11-17,17773.14285714286,0.029200000000000004,1.2950108785782832,7.0
258,2017-11-20,27996.166666666668,-0.10869166666666667,1.29900763535175,4.0
259,2017-11-21,14739.0,0.6122,1.3079059617766926,2.0
260,2017-11-22,17768.545454545456,-0.002745454545454556,1.3043216604514394,11.0
261,2017-11-24,19576.764705882353,0.20455294117647047,1.3060852754840915,8.529411764705882
262,2017-11-27,21540.5,0.09310833333333333,1.30734873249799,4.166666666666667
263,2017-11-28,14344.785714285714,0.37289999999999995,1.3215379095650166,14.0
264,2017-11-29,15207.25,0.052555,1.3273020735551069,20.0
265,2017-11-30,18556.8,0.031166666666666683,1.3456902793839423,15.0
266,2017-12-01,30756.875,-0.04355000000000002,1.3434305036492675,8.0
267,2017-12-04,24803.31818181818,-0.08421818181818184,1.3466716566781054,10.363636363636363
268,2017-12-05,13732.0,0.6654,1.3406058144736306,2.0
269,2017-12-06,28983.25,0.51865,1.3384031099989044,4.0
270,2017-12-07,13981.222222222223,0.22272222222222224,1.3423156181939584,9.0
271,2017-12-08,20695.75,0.08013750000000001,1.3488399321141407,8.0
272,2017-12-11,20247.684210526317,0.21849999999999997,1.3519928281595777,11.210526315789474
273,2017-12-12,24165.6,-0.14428000000000002,1.358577672875965,5.0
274,2017-12-13,20715.0,0.52608,1.3630478427917534,5.0
275,2017-12-14,15921.0,0.36757142857142855,1.3587916429756806,7.0
276,2017-12-15,14908.75,0.84115,1.366724182196122,4.0
277,2017-12-18,14017.57142857143,0.36355238095238096,1.374511409805599,9.380952380952381
278,2017-12-19,21235.4,0.81706,1.3724351779928075,5.0
279,2017-12-20,21553.5,0.5297833333333334,1.3708773000288803,6.0
280,2017-12-21,19714.2,0.39442,1.3739619811158552,5.0
281,2017-12-22,20810.3,0.35366,1.3723969512260161,10.0
282,2017-12-26,28550.75,0.4428375,1.3719617593063578,4.125
283,2017-12-27,15296.0,0.3875,1.3735190994898092,2.0
284,2017-12-28,17523.090909090908,0.1262818181818182,1.3770234877452248,11.0
285,2017-12-29,26685.125,0.299425,1.3704653879052704,8.0
286,2018-01-02,27019.548387096773,0.4021354838709678,1.37627503038238,9.516129032258064
287,2018-01-03,73562.75,0.13990000000000002,1.38174541654136,4.0
288,2018-01-04,26483.1,0.16355999999999998,1.3901975071424455,10.0
289,2018-01-05,25025.166666666668,-0.011116666666666655,1.4024355168499485,6.0
290,2018-01-08,25134.61111111111,0.042638888888888865,1.401722037394527,6.111111111111111
291,2018-01-09,17391.4,0.74124,1.4074214459624095,5.0
292,2018-01-10,18883.5,0.45680999999999994,1.406497245266639,10.0
293,2018-01-11,19460.875,-0.0786625,1.417895951519833,8.0
294,2018-01-12,24717.285714285714,0.3082142857142857,1.4305620123093408,14.0
295,2018-01-16,22461.5,0.08829444444444445,1.4299892982794185,11.944444444444445
296,2018-01-17,17479.0,0.69316,1.4478852464727754,5.0
297,2018-01-18,24755.083333333332,0.32005833333333333,1.4424608765812879,12.0
298,2018-01-19,19437.666666666668,0.08428333333333331,1.4454497274051754,6.0
299,2018-01-22,29863.5,0.166385,1.4533711173829749,7.3
300,2018-01-23,23283.166666666668,0.8437666666666667,1.4531610448056735,6.0
301,2018-01-24,27768.4,0.18548,1.4554512467181806,5.0
302,2018-01-25,19416.5,0.583575,1.4632501724390323,4.0
303,2018-01-26,15073.714285714286,0.5058428571428571,1.47566468502508,7.0
304,2018-01-29,35416.875,0.12236250000000001,1.4658388037065557,3.25
305,2018-01-31,22023.0,0.29600000000000004,1.4497558465552853,1.0
306,2018-02-01,31922.333333333332,0.3303333333333333,1.4518249319862935,3.0
307,2018-02-02,30232.333333333332,0.6201666666666666,1.4149148957407762,6.0
308,2018-02-05,31040.0,-0.07294999999999999,1.3497596919628914,5.285714285714286
309,2018-02-06,24961.8,-0.1224,1.381195982307488,5.0
310,2018-02-07,25147.85714285714,0.7664000000000001,1.3801193180748417,7.0
311,2018-02-08,23173.0,0.5809599999999999,1.3228546401107635,5.0
312,2018-02-09,29222.0,0.07312499999999997,1.341174630981136,4.0
313,2018-02-12,25151.3125,0.02553124999999999,1.3639260216759015,6.625
314,2018-02-13,22781.0,0.79035,1.3660981946343522,2.0
315,2018-02-14,21384.25,0.12972499999999998,1.3801271131196724,4.0
316,2018-02-15,16855.285714285714,-0.2923428571428572,1.397140874023892,7.0
317,2018-02-16,26261.666666666668,-0.03609999999999997,1.3981949126676663,3.0
318,2018-02-20,21948.114285714284,0.1982342857142857,1.3840778480815175,10.371428571428572
319,2018-02-21,20247.875,0.24070000000000003,1.37482077772637,8.0
320,2018-02-22,23973.3,0.41351000000000004,1.3839520240826302,10.0
321,2018-02-23,19942.333333333332,0.2845,1.4032184087956134,9.0
322,2018-02-26,19918.666666666668,0.10116666666666668,1.4253549667153806,8.333333333333334
323,2018-02-27,18422.714285714286,0.5775571428571429,1.408764705163573,7.0
324,2018-02-28,19451.2,0.46728,1.3876509946199995,10.0
325,2018-03-01,14860.333333333334,0.41183333333333333,1.364353529433302,6.0
326,2018-03-02,15856.923076923076,0.09423846153846152,1.3604216334204862,13.0
327,2018-03-05,24997.0,0.4108909090909091,1.379088675653817,4.818181818181818
328,2018-03-06,23717.0,-0.1117,1.379607567283157,8.0
329,2018-03-07,16479.166666666668,0.23368333333333333,1.3750192630748683,6.0
330,2018-03-08,12347.0,0.64352,1.3802225109407278,5.0
331,2018-03-09,21184.6,0.60004,1.4046460219136339,5.0
332,2018-03-12,17544.304347826088,0.3538391304347826,1.3959344882699438,8.391304347826088
333,2018-03-13,25302.375,0.09821249999999998,1.3864218668504775,8.0
334,2018-03-14,15901.9,0.4100100000000001,1.3726219652299305,10.0
335,2018-03-15,14715.5,0.5065666666666667,1.3790277124155812,6.0
336,2018-03-16,16290.75,0.50885,1.3830665879341264,4.0
337,2018-03-19,27564.727272727272,0.02836363636363637,1.3644605144831596,3.727272727272727
338,2018-03-20,27998.0,0.6024499999999999,1.3709116237291274,2.0
339,2018-03-21,18878.285714285714,0.2234857142857143,1.368419038945707,7.0
340,2018-03-22,26533.375,0.4615125,1.3282562679866776,8.0
341,2018-03-23,20156.333333333332,-0.24831666666666663,1.3047108305594763,6.0
342,2018-03-26,19338.81818181818,0.2767181818181818,1.3418232496759066,5.363636363636363
343,2018-03-27,22582.666666666668,0.09879999999999999,1.3227021765738876,3.0
344,2018-03-28,24782.88888888889,0.5239999999999999,1.3221870715843915,9.0
345,2018-03-29,23842.5,0.06605000000000001,1.336307385029908,4.0
346,2018-04-02,22388.933333333334,-0.43706,1.310864275540176,6.6
347,2018-04-03,20804.69230769231,0.21359999999999998,1.332440355321872,13.0
348,2018-04-04,23553.166666666668,0.3293,1.3452440435600854,6.0
349,2018-04-05,17947.0,0.008299999999999974,1.3586009526720138,4.0
350,2018-04-06,22660.714285714286,0.1276285714285714,1.3268629841130333,7.0
351,2018-04-09,21320.684210526317,0.15090526315789476,1.3294321222243513,6.578947368421052
352,2018-04-10,20444.166666666668,0.4686333333333333,1.3532109120249023,6.0
353,2018-04-11,21649.81818181818,-0.1824,1.3410941745866942,11.0
354,2018-04-12,15805.0,0.39797,1.3573718249024915,10.0
355,2018-04-13,28429.833333333332,-0.22689999999999996,1.350557525335171,6.0
356,2018-04-16,27645.46153846154,0.3741307692307692,1.3623608919917485,6.846153846153846
357,2018-04-17,10238.04347826087,0.1346,1.3742026960920029,23.0
358,2018-04-18,16863.882352941175,0.10217647058823527,1.3720648468338001,17.0
359,2018-04-19,16673.35714285714,0.4649571428571429,1.367453257285334,14.0
360,2018-04-20,27597.444444444445,0.14167777777777774,1.3562568285646104,9.0
361,2018-04-23,18431.066666666666,0.07993999999999998,1.3554667902371618,13.466666666666667
362,2018-04-24,10017.4,0.64352,1.3319287154127595,10.0
363,2018-04-25,34100.333333333336,0.5085666666666667,1.3352385158420923,6.0
364,2018-04-26,16091.0,0.7652000000000001,1.3484618003661744,3.0
365,2018-04-27,21355.545454545456,0.4837181818181817,1.347843613393364,11.0
366,2018-04-30,21767.18181818182,0.1744318181818182,1.3396361352908424,8.636363636363637
367,2018-05-01,17762.428571428572,0.5150571428571429,1.3360823710259935,7.0
368,2018-05-02,22541.14285714286,-0.025499999999999984,1.32643168971579,7.0
369,2018-05-03,17035.333333333332,0.39549999999999996,1.3267183156209883,9.0
370,2018-05-04,21035.3,-0.10025999999999999,1.3451447482166148,10.0
371,2018-05-07,19790.133333333335,0.19446000000000002,1.3504011642758795,9.133333333333333
372,2018-05-08,21743.14285714286,0.1264142857142857,1.350561422857586,7.0
373,2018-05-09,26468.375,0.367725,1.3606699327645781,8.0
374,2018-05-10,45547.2,0.09200000000000001,1.3715913228089065,5.0
375,2018-05-11,22892.0,0.12600000000000003,1.3766719955352467,5.0
376,2018-05-14,24886.64285714286,0.16312857142857146,1.3804553255336018,5.285714285714286
377,2018-05-15,15327.777777777777,0.40236666666666665,1.369755157309216,9.0
378,2018-05-16,12633.7,0.43811,1.3732213187978404,10.0
379,2018-05-17,21285.454545454544,0.5078909090909091,1.3701748644776572,11.0
380,2018-05-18,20943.272727272728,0.07797272727272725,1.3702363654963678,11.0
381,2018-05-21,23017.416666666668,0.15738749999999999,1.386768918213435,8.583333333333334
382,2018-05-22,12369.5,0.8883000000000001,1.3768516419347152,2.0
383,2018-05-23,17952.875,0.05303750000000001,1.3797567819606653,16.0
384,2018-05-24,16065.363636363636,0.10933636363636369,1.3755958746272048,11.0
385,2018-05-25,19310.882352941175,0.24422941176470586,1.372343134369564,17.0
386,2018-05-29,22469.5625,0.19436875,1.3506300758022085,8.3125
387,2018-05-30,20658.9,0.11961,1.3676134105285975,10.0
388,2018-05-31,17279.85714285714,0.2643642857142858,1.3536455606199564,14.0
389,2018-06-01,18737.0,0.129,1.3658077765451822,6.0
390,2018-06-04,16419.81818181818,-0.07599999999999997,1.3757028596770624,12.878787878787879
391,2018-06-05,16576.823529411766,0.3018823529411765,1.3749428150854146,17.0
392,2018-06-06,17347.166666666668,0.17693888888888884,1.394148236560162,18.0
393,2018-06-07,16946.35,0.06395499999999996,1.3994162453923584,20.0
394,2018-06-08,22925.166666666668,-0.3005166666666667,1.40358094490979,6.0
395,2018-06-11,22270.916666666668,0.1193041666666667,1.4039014620732038,12.083333333333334
396,2018-06-12,19974.18181818182,0.5101181818181818,1.4038138648411083,11.0
397,2018-06-13,22640.823529411766,0.40307058823529407,1.397186895835514,17.0
398,2018-06-14,22230.833333333332,-0.13346666666666668,1.3957515930111069,6.0
399,2018-06-15,14471.25,0.05790833333333334,1.3910485087081295,12.0
400,2018-06-21,23004.833333333332,0.6949000000000001,1.3561880647374147,6.0
401,2018-06-22,24260.8,0.24278000000000002,1.3627961892498501,15.0
402,2018-06-25,20044.8,0.17067,1.344606468769513,20.84
403,2018-06-26,17005.0,0.2040166666666667,1.3462868165345159,12.0
404,2018-06-27,15627.4375,0.5160374999999999,1.3371101970296817,16.0
405,2018-06-28,17221.5,0.07117857142857144,1.342569001503989,14.0
406,2018-06-29,12852.0,0.03708,1.3456381978397456,5.0
407,2018-07-02,21939.761904761905,0.4913571428571429,1.3476213049242132,10.523809523809524
408,2018-07-03,16429.52380952381,0.21118571428571428,1.340283129555929,21.0
409,2018-07-05,24361.11111111111,0.3053777777777778,1.3503690027857915,5.0
410,2018-07-06,26557.8,0.71302,1.3558987332974533,5.0
411,2018-07-09,24375.47619047619,-0.05530952380952384,1.3736460045937766,7.380952380952381
412,2018-07-10,22591.823529411766,0.32195294117647055,1.3815780115778697,17.0
413,2018-07-11,17024.166666666668,0.07037777777777778,1.3694246718025551,18.0
414,2018-07-12,15970.4,0.12829,1.3818679916808796,10.0
415,2018-07-13,13246.666666666666,0.2523,1.3871082798700074,3.0
416,2018-07-16,19886.54054054054,0.013605405405405408,1.3896003213288233,12.35135135135135
417,2018-07-17,20518.4,0.31448,1.3926790424775388,5.0
418,2018-07-18,21086.466666666667,0.5032866666666667,1.397080997434865,15.0
419,2018-07-19,20509.153846153848,-0.08377692307692307,1.3896081163736547,13.0
420,2018-07-20,19746.428571428572,-0.04712142857142855,1.3892543510709445,14.0
421,2018-07-23,26581.291666666668,-0.21709166666666666,1.3884875980836744,8.333333333333334
422,2018-07-24,15994.4375,0.41016250000000004,1.39944559046511,16.0
423,2018-07-25,19189.8,0.4789999999999999,1.4089903678305347,15.0
424,2018-07-26,19102.727272727272,0.585318181818182,1.4152536087343,11.0
425,2018-07-27,18318.1875,0.34986875000000006,1.4110395276633056,16.0
426,2018-07-30,19293.484848484848,0.2845333333333333,1.4030432087872933,15.06060606060606
427,2018-07-31,16903.21052631579,0.3877894736842105,1.4090507932882952,19.0
428,2018-08-01,17208.46153846154,0.1033769230769231,1.4045395801883804,13.0
429,2018-08-02,18400.69230769231,0.38177692307692307,1.404114894392444,13.0
430,2018-08-03,15902.0,0.5517888888888889,1.4116781891030858,9.0
431,2018-08-06,17391.608695652172,0.15939347826086958,1.4138736418575848,17.347826086956523
432,2018-08-07,22318.75,0.360625,1.4208997437703341,4.0
433,2018-08-08,20332.375,0.9031499999999999,1.4183960042001433,8.0
434,2018-08-09,24206.5,0.021866666666666645,1.4142645472778783,6.0
435,2018-08-10,28254.5,0.641275,1.4033930710234586,8.0
436,2018-08-13,21326.785714285714,0.025717857142857143,1.396438438472669,10.785714285714286
437,2018-08-14,18246.0,-0.18973124999999996,1.4026600984118314,16.0
438,2018-08-15,14667.0,0.49073125,1.3950363837875568,16.0
439,2018-08-16,23303.29411764706,0.24195882352941175,1.4170088909416452,17.0
440,2018-08-17,18651.352941176472,0.1750764705882353,1.4231401316872476,17.0
441,2018-08-20,22909.0,-0.3398333333333333,1.4280948750762557,9.962962962962964
442,2018-08-21,18592.53846153846,0.30738461538461537,1.4316209186980373,13.0
443,2018-08-22,20475.222222222223,0.4134111111111112,1.4267038587512153,9.0
444,2018-08-23,18850.7,0.14442,1.4224559973045776,10.0
445,2018-08-24,22497.333333333332,0.23797500000000002,1.4298501517394742,12.0
446,2018-08-27,25031.322580645163,0.3385677419354838,1.4442255782631486,10.741935483870968
447,2018-08-28,21179.125,-0.33758750000000004,1.4450227629723793,8.0
448,2018-08-29,20880.869565217392,0.1135521739130435,1.4483797772009865,23.0
449,2018-08-30,20558.722222222223,-0.24271111111111113,1.4407482619877532,18.0
450,2018-08-31,23652.25,0.17335,1.4395230317406462,4.0
451,2018-09-04,19236.30188679245,0.03244716981132075,1.4388388973579767,13.679245283018869
452,2018-09-05,20419.0,-0.08096428571428572,1.440086864076528,14.0
453,2018-09-06,25392.25,0.4044,1.4412444171456475,8.0
454,2018-09-07,21258.0,0.3788666666666667,1.4368462599164222,9.0
455,2018-09-10,19388.565217391304,0.31446956521739117,1.4335492331594164,16.73913043478261
456,2018-09-11,17478.454545454544,0.24130909090909095,1.4398689964543967,11.0
457,2018-09-12,17376.363636363636,0.09758181818181816,1.4414135574213935,11.0
458,2018-09-13,17513.666666666668,0.03618666666666665,1.449567324005906,15.0
459,2018-09-14,8156.0,0.027346428571428546,1.4500485377371881,28.0
460,2018-09-17,12177.867924528302,0.22453207547169804,1.4449174023522038,21.641509433962263
461,2018-09-18,16232.0,0.26,1.4551652694760302,11.0
462,2018-09-19,19704.222222222223,0.37124444444444443,1.463969284729126,9.0
463,2018-09-20,16244.181818181818,0.4658272727272727,1.4778972834412907,11.0
464,2018-09-21,13531.0,0.23423636363636371,1.4826940357971958,22.0
465,2018-09-24,13206.809523809523,0.5215333333333333,1.4726342587807189,8.238095238095237
466,2018-09-25,16586.75,0.5451083333333334,1.468762244901059,12.0
467,2018-09-26,17978.69230769231,0.28618461538461537,1.4628338194684027,13.0
468,2018-09-27,84180.0,0.1511,1.4658637079322885,1.0
469,2018-10-01,27775.69230769231,0.5651153846153847,1.477577409396797,4.538461538461538
470,2018-10-02,18455.3,0.7594500000000001,1.484381640826555,10.0
471,2018-10-03,14947.866666666667,0.5071533333333333,1.487400479842114,15.0
472,2018-10-04,22164.25,0.4869333333333334,1.4762617655002581,12.0
473,2018-10-05,24953.6,0.3726300000000001,1.466258510874997,10.0
474,2018-10-08,23552.833333333332,0.5678944444444445,1.4684611100112794,6.111111111111111
475,2018-10-09,11258.266666666666,0.42491999999999996,1.4653448107588207,15.0
476,2018-10-10,8363.47619047619,0.2811904761904762,1.4192270801675901,21.0
477,2018-10-11,13758.142857142857,0.3633571428571428,1.3889611221085674,7.0
478,2018-10-12,16096.111111111111,0.541811111111111,1.4048816473797152,9.0
479,2018-10-15,16099.357142857143,0.4505392857142856,1.3999230120124195,9.357142857142858
480,2018-10-16,20404.058823529413,0.039505882352941175,1.4302975795509822,17.0
481,2018-10-17,17970.36842105263,0.29947894736842107,1.4252113848725434,19.0
482,2018-10-18,18955.35714285714,0.13497857142857142,1.4070693050893832,14.0
483,2018-10-19,19918.0,0.3479777777777778,1.4106669234115667,9.0
484,2018-10-22,21831.225806451614,0.19602258064516134,1.4036297831387474,11.258064516129032
485,2018-10-23,21584.25,0.5024166666666666,1.3966452621906014,12.0
486,2018-10-24,24298.714285714286,0.5275571428571428,1.3629364168948757,7.0
487,2018-10-25,17812.38888888889,0.08821666666666668,1.3851756299000537,18.0
488,2018-10-26,24614.454545454544,0.4285272727272728,1.3687516866625273,11.0
489,2018-10-29,23981.6,0.07992799999999999,1.355146916192667,11.32
490,2018-10-30,12949.434782608696,0.4980478260869564,1.3790820670525088,23.0
491,2018-10-31,21818.533333333333,0.23998666666666663,1.3924500256127648,15.0
492,2018-11-01,17910.333333333332,0.34755,1.407140879789786,12.0
493,2018-11-02,15972.888888888889,0.5202888888888889,1.4010473224863715,9.0
494,2018-11-05,17502.70588235294,0.40723970588235286,1.4116293508741267,23.970588235294116
495,2018-11-06,15382.942857142858,0.36794,1.4212379134392543,35.0
496,2018-11-07,25112.785714285714,0.46330714285714286,1.4514695477980282,14.0
497,2018-11-08,22296.5,-0.07784999999999997,1.4520749610985126,2.0
498,2018-11-09,33271.916666666664,0.10394999999999997,1.4408802621459158,12.0
499,2018-11-12,21569.916666666668,0.1254875,1.4074978939518632,8.25
500,2018-11-13,24268.0,-0.0705642857142857,1.4019155385714013,14.0
501,2018-11-14,17373.0,0.48244,1.3904951769518419,5.0
502,2018-11-15,23444.555555555555,0.1543444444444445,1.4020696265379604,9.0
503,2018-11-16,13122.25,0.606925,1.4089416404841497,4.0
504,2018-11-19,21167.76923076923,0.18854230769230773,1.3869990217274184,9.0
505,2018-11-20,17144.0,0.5931333333333333,1.356406581022594,3.0
506,2018-11-21,24806.545454545456,0.21259090909090908,1.3563538508153494,11.0
507,2018-11-23,25829.285714285714,0.15842857142857142,1.3464442586988878,7.571428571428571
508,2018-11-26,23767.409090909092,0.2415272727272727,1.3660866074055493,8.636363636363637
509,2018-11-27,20554.444444444445,0.02458888888888887,1.3721014491709076,9.0
510,2018-11-28,24200.0,0.29532142857142857,1.4063474872645263,14.0
511,2018-11-29,16624.071428571428,0.28985,1.4048178677241432,14.0
512,2018-11-30,20060.3,0.42540999999999995,1.4158851182481684,10.0
513,2018-12-03,18423.782608695652,0.3496565217391304,1.4318504788874153,10.652173913043478
514,2018-12-04,21928.11111111111,0.5410888888888888,1.3875329656659434,9.0
515,2018-12-06,17736.153846153848,0.3330461538461539,1.3831309053701732,7.461538461538462
516,2018-12-07,20014.0,0.22719130434782606,1.3521547111709682,23.0
517,2018-12-10,23535.38888888889,0.06056111111111113,1.3540569349630909,9.0
518,2018-12-11,20529.923076923078,0.2566384615384615,1.3511174601486373,13.0
519,2018-12-12,37034.0,-0.11243333333333334,1.359823366501785,3.0
520,2018-12-13,17162.75,0.12839999999999996,1.3637104326906309,12.0
521,2018-12-14,14121.42857142857,0.46932857142857143,1.3361632598624669,7.0
522,2018-12-17,22523.44,0.131896,1.308025182718402,8.84
523,2018-12-18,19586.454545454544,0.08663636363636362,1.3126079649745905,11.0
524,2018-12-19,18930.923076923078,0.33380769230769236,1.2930937189036753,13.0
525,2018-12-20,21595.176470588234,0.19438823529411764,1.2673656023943007,17.0
526,2018-12-21,20946.45,0.249485,1.2444001307172465,20.0
527,2018-12-24,24081.897435897437,0.28704102564102557,1.208187551395459,13.974358974358974
528,2018-12-26,40577.0,0.8913666666666668,1.2684106484614632,1.6666666666666667
529,2018-12-27,23814.0,-0.13562727272727274,1.282845957118294,11.0
530,2018-12-28,29256.0,0.07527999999999999,1.278609139575855,5.0
531,2018-12-31,27219.956521739132,0.10013043478260868,1.2933044345998956,8.478260869565217
532,2019-01-02,26869.18181818182,0.1631181818181818,1.2943455831446427,16.818181818181817
533,2019-01-03,23656.0,0.47921428571428576,1.257753253189332,7.0
534,2019-01-04,28025.571428571428,0.5960428571428571,1.2991645397356455,7.0
535,2019-01-07,26880.103448275862,-0.0008724137931034288,1.304608286356639,10.379310344827585
536,2019-01-08,23959.0,0.7826000000000001,1.3188067775597356,5.0
537,2019-01-09,31129.833333333332,0.20145000000000002,1.32388907471576,6.0
538,2019-01-10,27474.470588235294,0.1776705882352941,1.3306973090063772,17.0
539,2019-01-11,24369.076923076922,0.09115384615384614,1.3303662857192402,13.0
540,2019-01-14,22514.222222222223,0.0053111111111111085,1.3255922698347793,17.8
541,2019-01-15,22054.0,0.10563684210526313,1.3342272501505728,19.0
542,2019-01-16,45178.0,-0.40475,1.3420760952054618,2.0
543,2019-01-17,31582.333333333332,-0.3413,1.3511096651038066,3.0
544,2019-01-18,28693.46153846154,0.13067692307692308,1.3697517975672757,13.0
545,2019-01-22,22137.425,0.14188249999999997,1.3530157864183427,20.85
546,2019-01-23,37978.5,-0.29314999999999997,1.3625039305099806,8.0
547,2019-01-24,24233.9,-0.00022999999999999686,1.3612632155116557,10.0
548,2019-01-25,30595.333333333332,0.10726666666666666,1.3714621390680792,3.0
549,2019-01-28,30197.178571428572,-0.05176071428571427,1.3598761022531582,9.642857142857142
550,2019-01-29,39574.0,-0.2806666666666667,1.362744645486129,3.0
551,2019-01-30,22375.833333333332,0.03009999999999999,1.3868559776650569,12.0
552,2019-01-31,20762.375,0.0007000000000000131,1.3860138522492833,16.0
553,2019-02-01,23562.454545454544,0.24732727272727278,1.3895743304538828,11.0
554,2019-02-04,22188.125,0.521175,1.399303084183224,4.75
555,2019-02-05,23782.75,0.526225,1.4088473237681738,4.0
556,2019-02-07,25746.5,-0.20325000000000007,1.395431075847693,6.0
557,2019-02-08,24354.8,0.55284,1.3919272309168815,10.0
558,2019-02-11,23391.108108108107,0.04300270270270274,1.3889766068597853,13.108108108108109
559,2019-02-12,24162.625,0.32296250000000004,1.4096368243151465,8.0
560,2019-02-13,22960.444444444445,0.5029777777777777,1.4161517132166854,9.0
561,2019-02-14,30009.833333333332,-0.6432166666666667,1.4103925333982188,6.0
562,2019-02-15,22740.4,0.15086000000000005,1.4350006693980888,5.0
563,2019-02-19,23548.658536585364,-0.06930487804878051,1.4354480972095993,13.878048780487806
564,2019-02-20,29823.5,-0.3145,1.4389475068375184,10.0
565,2019-02-21,32157.2,0.33852000000000004,1.4331922245414666,5.0
566,2019-02-22,23917.25,0.2549,1.443237054587202,8.0
567,2019-02-25,22929.341463414636,0.5082902439024394,1.4465712214617932,16.463414634146343
568,2019-02-26,41730.5,0.3235,1.4446879530453998,4.0
569,2019-02-27,33363.75,0.005608333333333322,1.4406507019565387,12.0
570,2019-02-28,19524.5,0.44455,1.436816371519066,2.0
571,2019-03-01,20979.53846153846,0.19573076923076924,1.442932670838054,13.0
572,2019-03-04,18532.60606060606,0.13097575757575755,1.4314746257763085,12.151515151515152
573,2019-03-05,21345.88888888889,-0.08819444444444444,1.4307528079514507,18.0
574,2019-03-06,19279.30769230769,-0.20716923076923077,1.423369691876625,13.0
575,2019-03-07,28158.2,-0.2784,1.4122686609769566,5.0
576,2019-03-08,12660.181818181818,0.16724545454545453,1.4109940491762882,33.0
577,2019-03-11,18248.027777777777,0.11777222222222222,1.422117827635659,12.38888888888889
578,2019-03-12,23977.166666666668,0.051583333333333335,1.416783228274683,6.0
579,2019-03-13,16713.323529411766,-0.054370588235294115,1.4250013122952432,34.0
580,2019-03-14,21438.0,0.036925000000000006,1.4253921123770914,12.0
581,2019-03-15,22663.909090909092,-0.04171818181818179,1.4330945480835509,11.0
582,2019-03-18,20252.909090909092,0.028192727272727286,1.436711010898891,21.10909090909091
583,2019-03-19,29907.85714285714,0.06979999999999997,1.4352296918069907,7.0
584,2019-03-20,25788.7,0.26754999999999995,1.427373051707271,10.0
585,2019-03-21,27187.333333333332,0.49365,1.4393949346490273,6.0
586,2019-03-22,19880.166666666668,0.35097500000000004,1.4138814369024162,12.0
587,2019-03-25,57538.2,0.53066,1.414685878876003,5.8
588,2019-03-26,18899.4375,0.07281249999999997,1.4224975782691802,16.0
589,2019-03-27,21380.428571428572,-0.0915142857142857,1.4207156565238461,7.0
590,2019-03-28,28560.0,-0.22745000000000007,1.4258091084666407,10.0
591,2019-03-29,26581.846153846152,0.19106153846153845,1.4375193503948938,13.0
592,2019-04-01,26921.5,0.03885624999999999,1.4558005711738708,6.125
593,2019-04-02,19951.125,0.14270625,1.4514046870373771,16.0
594,2019-04-03,23505.25,0.42727499999999996,1.4535668971967088,4.0
595,2019-04-04,23374.444444444445,-0.022666666666666682,1.4627978713384717,9.0
596,2019-04-05,15937.21052631579,0.21308947368421052,1.4650354428380483,19.0
597,2019-04-08,18326.702702702703,-0.002581081081081098,1.4603799992322501,15.594594594594595
598,2019-04-09,18807.6875,0.06230624999999999,1.449821793965145,16.0
599,2019-04-10,20153.833333333332,0.2737,1.450186603172053,12.0
600,2019-04-11,19559.9,0.06685000000000002,1.4494043598894355,10.0
601,2019-04-12,25250.846153846152,-0.08784615384615384,1.464331926181746,13.0
602,2019-04-15,23136.191489361703,0.046387234042553196,1.46280555550073,17.25531914893617
603,2019-04-16,19995.333333333332,-0.16635,1.466569503225452,6.0
604,2019-04-17,21518.545454545456,0.09760909090909088,1.4663964654272907,11.0
605,2019-04-18,21172.176470588234,0.013758823529411757,1.472495006902329,17.0
606,2019-04-22,17860.621951219513,-0.08486829268292684,1.4698067531877435,26.78048780487805
607,2019-04-23,20939.944444444445,0.11636666666666667,1.4778645786265985,18.0
608,2019-04-24,22166.529411764706,0.25272941176470587,1.474574703795504,17.0
609,2019-04-25,17881.65,-0.24779000000000004,1.4670917545967306,20.0
610,2019-04-26,20685.0,0.29125000000000006,1.4715963590953394,12.0
611,2019-04-29,17859.931034482757,0.20846896551724137,1.472209567440655,9.827586206896552
612,2019-04-30,24470.18181818182,0.0607909090909091,1.474345143606126,11.0
613,2019-05-01,5223.954545454545,0.0057999999999999935,1.4653209876381663,66.0
614,2019-05-02,15209.238095238095,0.21401428571428577,1.4585376631174116,21.0
615,2019-05-03,21106.428571428572,0.09014285714285715,1.4694684726362546,21.0
616,2019-05-06,17721.090909090908,0.1758454545454545,1.4657833624204206,23.939393939393938
617,2019-05-07,19282.666666666668,0.43706666666666666,1.4395379731672602,3.0
618,2019-05-08,16256.868421052632,0.11633421052631576,1.439662178280592,38.0
619,2019-05-09,18934.833333333332,0.5225666666666667,1.431957463937273,6.0
620,2019-05-10,10399.25,0.38397249999999994,1.4382783083373327,40.0
621,2019-05-13,13721.536585365853,-0.03110731707317075,1.4040500280876629,49.926829268292686
622,2019-05-14,15965.0,0.61943125,1.4155297340599033,16.0
623,2019-05-15,22562.0,0.47320000000000007,1.4219591879395066,8.0
624,2019-05-16,17682.8,0.13589,1.433860225509871,10.0
625,2019-05-17,24167.714285714286,0.038700000000000005,1.4283892960262856,14.0
626,2019-05-20,17939.02,0.13262000000000002,1.423726706038702,17.08
627,2019-05-21,16007.8125,0.42080625000000005,1.4346724625282878,16.0
628,2019-05-22,15453.470588235294,0.031164705882352945,1.4290883773796985,34.0
629,2019-05-23,20898.714285714286,-0.18920714285714285,1.413224479838211,14.0
630,2019-05-24,18648.037037037036,0.29721481481481477,1.4185035325746045,27.0
631,2019-05-28,19443.821428571428,0.18062321428571432,1.405312941776957,15.178571428571429
632,2019-05-29,30179.285714285714,0.42448571428571436,1.3930404974866357,7.0
633,2019-05-30,20523.78947368421,-0.12163684210526314,1.3954505690038987,19.0
634,2019-05-31,21820.071428571428,0.03082857142857141,1.3757776832368331,14.0
635,2019-06-03,16751.678571428572,0.23206785714285713,1.3760404860213795,19.285714285714285
636,2019-06-04,14551.0,0.17972,1.4044486232143443,5.0
637,2019-06-05,20434.214285714286,0.2333,1.4159466248110086,14.0
638,2019-06-06,17564.18181818182,0.2992,1.4259864817733778,11.0
639,2019-06-07,16555.14285714286,-0.015085714285714267,1.4405830247785512,14.0
640,2019-06-10,19928.157894736843,0.1705333333333334,1.4449484827372132,21.666666666666668
641,2019-06-11,13504.578947368422,0.2375105263157895,1.4441628852567843,19.0
642,2019-06-12,18255.222222222223,0.3690222222222222,1.441741226510719,9.0
643,2019-06-13,12876.5,0.16906111111111113,1.4473928779547245,36.0
644,2019-06-14,13657.307692307691,0.38530769230769235,1.4464414999404895,13.0
645,2019-06-17,13374.615384615385,0.09676615384615384,1.4477122086746153,26.476923076923075
646,2019-06-18,16984.8125,0.290375,1.4672835260054777,16.0
647,2019-06-19,20234.666666666668,0.20393333333333336,1.469415847767454,15.0
648,2019-06-20,23033.833333333332,0.1727,1.48323014749001,6.0
649,2019-06-21,25544.5,-0.4308666666666667,1.4813429815512025,6.0
650,2019-06-24,16623.3,0.23832666666666663,1.4818091429732971,13.266666666666667
651,2019-06-25,14722.923076923076,0.33354615384615377,1.4718675002493193,13.0
652,2019-06-26,11365.818181818182,0.18959090909090912,1.4712354474108473,44.0
653,2019-06-27,26125.555555555555,0.13936666666666664,1.4706677175525493,9.0
654,2019-06-28,35025.5,0.37733333333333335,1.47473604348229,6.0
655,2019-07-01,15990.366666666667,0.49760666666666664,1.4812486648352272,12.866666666666667
656,2019-07-02,15413.142857142857,0.3539642857142857,1.4850879739001939,14.0
657,2019-07-03,24464.222222222223,0.31954444444444446,1.4950297219626156,18.0
658,2019-07-05,15098.093023255815,0.3583139534883721,1.49259690842978,25.697674418604652
659,2019-07-08,16549.897435897437,0.014969230769230783,1.4861669112255724,14.076923076923077
660,2019-07-09,16050.357142857143,0.33007857142857144,1.4849111439180613,14.0
661,2019-07-10,17356.57894736842,0.32034210526315793,1.4891639895363225,19.0
662,2019-07-11,13010.870967741936,0.30392258064516137,1.5017979997183135,31.0
663,2019-07-12,10006.274509803921,0.19785294117647062,1.5153228571183355,51.0
664,2019-07-15,15932.431818181818,0.11228295454545455,1.516827029108384,32.09090909090909
665,2019-07-16,30911.416666666668,0.28712499999999996,1.5155225344544865,12.0
666,2019-07-17,29369.928571428572,-0.07549285714285713,1.509103470271906,14.0
667,2019-07-18,18973.428571428572,0.2507642857142857,1.5092765080700663,14.0
668,2019-07-19,25302.166666666668,0.11145000000000004,1.5054637276605156,24.0
669,2019-07-22,21009.145454545454,0.07043636363636356,1.506445104954679,20.963636363636365
670,2019-07-23,16747.57894736842,0.20622105263157894,1.5162742406767,19.0
671,2019-07-24,18928.037037037036,0.0432925925925926,1.511882248518492,27.0
672,2019-07-25,21273.53846153846,0.3924269230769231,1.504730865931461,26.0
673,2019-07-26,20562.4,0.3173933333333333,1.5075843568552447,15.0
674,2019-07-29,21886.052631578947,0.019243859649122796,1.5091866322011087,20.719298245614034
675,2019-07-30,17446.76,0.09811599999999998,1.507893181451412,25.0
676,2019-07-31,17248.736842105263,0.06463157894736841,1.4893896522032835,19.0
677,2019-08-01,17689.53846153846,0.3133307692307692,1.473818989168303,13.0
678,2019-08-02,36067.38461538462,0.483,1.46836300665546,13.0
679,2019-08-05,18998.352941176472,-0.11217058823529409,1.4258245932178593,11.705882352941176
680,2019-08-06,16854.944444444445,0.07005,1.4431100386006621,18.0
681,2019-08-07,19695.0,0.10383999999999997,1.441865426079922,20.0
682,2019-08-08,17980.666666666668,0.1781555555555555,1.46244075183795,18.0
683,2019-08-09,21203.222222222223,-0.000600000000000008,1.4574094551210437,9.0
684,2019-08-12,20227.147058823528,0.12335588235294115,1.4357319122415881,13.823529411764707
685,2019-08-13,14852.64705882353,-0.026594117647058813,1.4569920210453355,34.0
686,2019-08-14,15712.90909090909,0.2910590909090909,1.4126118092733717,22.0
687,2019-08-15,15319.96875,-0.0292125,1.418154313457358,32.0
688,2019-08-16,17803.21052631579,0.3335,1.435153676259568,19.0
689,2019-08-19,16230.484375,0.18353281250000003,1.449001761901897,24.125
690,2019-08-20,18052.566666666666,0.13742666666666667,1.4393910371266119,30.0
691,2019-08-21,14039.5,0.24972500000000006,1.4527130792136882,24.0
692,2019-08-22,13553.5,0.651725,1.4554579606579316,12.0
693,2019-08-23,11626.863636363636,0.20796136363636364,1.420899200445731,44.0
694,2019-08-26,13314.413333333334,0.333308,1.4358644501802291,30.84
695,2019-08-27,15718.166666666666,0.23369444444444445,1.4291599520800997,18.0
696,2019-08-28,19988.6,0.16738666666666668,1.4434748478075714,15.0
697,2019-08-29,17628.785714285714,-0.023371428571428567,1.4615570454575744,14.0
698,2019-08-30,12955.190476190477,0.08255238095238096,1.4638317626188633,21.0
699,2019-09-03,8803.43537414966,0.17508707482993194,1.4480165924237576,42.31972789115646
700,2019-09-04,11708.458333333334,0.03767499999999999,1.4611811923464681,24.0
701,2019-09-05,10483.724137931034,0.056027586206896546,1.481843034231512,29.0
702,2019-09-06,10313.458333333334,0.24129166666666668,1.4856856974942902,24.0
703,2019-09-09,12171.597014925374,0.22165074626865675,1.4877951774463767,27.83582089552239
704,2019-09-10,10807.0,0.3057923076923077,1.4918933917734756,26.0
705,2019-09-11,11981.258064516129,0.4745870967741936,1.5045123496462818,31.0
706,2019-09-12,12384.045454545454,0.24470454545454548,1.507029943993878,22.0
707,2019-09-13,17007.8,0.22068000000000002,1.509085169103351,15.0
708,2019-09-16,14330.23076923077,0.17460615384615386,1.5011737419246731,23.70769230769231
709,2019-09-17,14010.0,0.07197272727272729,1.5030576645482403,11.0
710,2019-09-18,11453.837837837838,0.18253513513513514,1.505069035600379,37.0
711,2019-09-19,21556.0,0.1004166666666667,1.5021699553070051,6.0
712,2019-09-20,14222.57142857143,0.3937428571428571,1.4933149396147924,14.0
713,2019-09-23,17805.075,0.059325,1.494142118059825,13.55
714,2019-09-24,21307.5625,0.08031249999999998,1.4862572195365604,16.0
715,2019-09-25,16134.838709677419,0.08157741935483871,1.4952909003174775,31.0
716,2019-09-26,13937.063829787234,0.013057446808510629,1.4908782285595394,47.0
717,2019-09-27,23924.058823529413,-0.23161176470588232,1.4869491545081888,17.0
718,2019-09-30,17074.30693069307,0.03065742574257425,1.4923036794673998,41.13861386138614
719,2019-10-01,19188.964285714286,0.23215357142857146,1.4732434642651742,28.0
720,2019-10-02,26771.454545454544,0.09001818181818184,1.4458321835734613,22.0
721,2019-10-03,16557.027777777777,0.14680555555555558,1.4526193058223174,36.0
722,2019-10-04,19420.28125,0.13645,1.473281253045805,32.0
723,2019-10-07,17215.930693069306,0.055988118811881205,1.4679754554329798,34.86138613861386
724,2019-10-08,14225.222222222223,0.18070444444444442,1.4505679782352578,45.0
725,2019-10-09,14244.08888888889,-0.015284444444444479,1.4606566678824586,45.0
726,2019-10-10,17285.3,-0.222555,1.4690094575959423,20.0
727,2019-10-11,9158.066666666668,0.21927999999999997,1.48674622831267,45.0
728,2019-10-14,16752.608108108107,0.006013513513513516,1.4851256573423801,24.91891891891892
729,2019-10-15,20321.85714285714,-0.0057857142857142985,1.4982897139404832,14.0
730,2019-10-16,22052.772727272728,0.09815454545454544,1.497024527158458,22.0
731,2019-10-17,24083.933333333334,0.15676999999999996,1.4983495960736384,30.0
732,2019-10-18,17058.444444444445,0.20201111111111109,1.4841742737840173,18.0
733,2019-10-21,14278.576923076924,0.07310769230769229,1.4873588988775133,33.717948717948715
734,2019-10-22,12590.358974358975,0.09056923076923076,1.4851666949823805,39.0
735,2019-10-23,13019.42857142857,0.10345238095238095,1.4877086557752346,42.0
736,2019-10-24,15940.615384615385,0.20754615384615385,1.4861330199673561,13.0
737,2019-10-25,12913.725,0.11907000000000001,1.4945895458713336,40.0
738,2019-10-28,22729.66,0.14487399999999998,1.5019443979784866,24.36
739,2019-10-29,13500.595744680852,-0.056953191489361676,1.50087660989575,47.0
740,2019-10-30,16707.74193548387,0.13115483870967742,1.507265031679483,31.0
741,2019-10-31,15698.42857142857,-0.06262857142857141,1.499477804070006,35.0
742,2019-11-01,16119.35294117647,0.048547058823529395,1.5161727775789393,34.0
743,2019-11-04,16066.141176470588,0.11678117647058826,1.5225346651631317,29.894117647058824
744,2019-11-05,13380.875,0.17033249999999997,1.5242268163779489,40.0
745,2019-11-06,14687.045454545454,0.3022227272727273,1.5242229133114054,22.0
746,2019-11-07,18069.117647058825,-0.0822176470588235,1.5343265499293466,17.0
747,2019-11-08,24288.25,0.452225,1.5346835585472953,4.0
748,2019-11-11,14029.410256410256,0.11395299145299148,1.5352518317301949,39.73504273504273
749,2019-11-12,12785.0,0.23520000000000005,1.5352518317301966,3.0
